"","V1","V2","V3","V4","V5","V6","V7","V8","V9","V10","V11","V12","V13","V14","V15","V16","V17","V18","V19","V20","V21","V22","V23","V24","V25","V26","V27","V28","V29","V30","V31","V32","V33","V34","V35","V36","V37","V38","V39","V40","V41","V42","V43","V44","V45","V46","V47","V48","V49","V50","V51","V52","V53","V54","V55","V56","V57","V58","V59","V60","V61","V62","V63","V64","V65","V66","V67","V68","V69","V70","V71","V72","V73","V74","V75","V76","V77","V78","V79","V80","V81"
"1",0,1,1,0,0,-1,1,1,1,0,1,1,1,0,0,1,0,0,1,0,-1,1,0,0,1,1,1,-1,1,1,1,0,1,-1,0,-1,-1,0,0,1,1,0,1,1,1,1,1,0,-1,1,1,1,1,1,1,1,0,-1,-1,-1,1,1,1,0,1,1,0,0,1,1,1,0,0,0,1,1,0,1,0,1,0
"2",0,0,1,1,1,0,1,0,0,0,1,1,-1,1,1,0,1,-1,0,-1,0,1,0,1,1,-1,0,1,0,0,0,1,1,0,0,0,0,1,1,-1,1,1,0,1,1,1,1,0,1,1,1,0,-1,1,0,0,0,1,0,1,1,1,1,0,0,0,0,0,0,1,0,0,0,1,1,1,1,0,0,1,1
"3",0,0,0,1,0,0,0,0,0,0,0,1,1,0,1,-1,1,-1,1,1,1,1,-1,0,1,0,0,1,0,0,1,1,1,0,1,0,0,0,1,1,0,1,1,1,0,0,1,1,1,0,0,1,1,0,1,-1,1,1,1,1,1,1,1,1,0,0,0,0,0,1,0,1,1,0,0,0,0,0,0,1,1
"4",1,0,0,0,1,0,1,0,1,1,0,1,1,1,1,0,0,0,1,-1,0,1,0,1,0,-1,1,0,0,1,1,1,0,1,0,1,1,1,1,-1,1,0,1,1,-1,0,1,1,1,1,0,1,0,1,1,-1,0,1,0,1,1,1,1,1,0,1,0,0,0,1,1,-1,1,1,0,0,0,0,1,1,-1
"5",0,-1,0,0,0,0,1,1,1,1,0,1,0,0,1,0,0,0,0,0,0,1,1,1,0,-1,0,1,0,0,0,1,1,1,0,1,1,1,0,1,0,0,1,1,1,1,1,1,1,1,0,0,-1,1,0,0,0,0,0,0,1,0,-1,1,1,1,1,0,1,-1,1,0,1,1,1,1,0,1,1,1,1
"6",0,-1,1,1,1,0,1,1,0,-1,0,1,0,1,1,-1,0,0,0,1,-1,1,1,0,1,1,1,1,-1,1,1,1,1,1,1,1,1,1,1,0,-1,1,0,1,1,0,1,-1,-1,1,0,1,0,0,1,-1,1,1,1,0,1,1,1,1,1,1,1,1,1,0,1,1,0,1,1,1,1,0,0,1,1
"7",0,0,1,1,-1,0,1,1,0,0,1,1,0,1,1,1,0,0,1,1,1,1,0,1,1,1,1,-1,1,1,1,0,1,1,0,1,0,1,1,1,0,-1,1,1,1,0,1,-1,1,1,0,1,1,1,1,1,-1,1,-1,1,1,1,1,1,0,0,0,1,0,1,1,1,1,-1,1,1,1,1,0,1,1
"8",1,1,1,0,0,-1,1,1,0,0,1,1,1,1,0,1,1,0,1,1,-1,1,1,1,1,1,0,1,1,-1,0,0,1,1,1,-1,-1,0,1,0,-1,1,0,1,1,0,1,-1,1,1,1,0,-1,1,1,-1,0,0,0,0,1,1,1,1,1,1,1,1,1,1,1,-1,1,0,0,0,1,0,1,1,0
"9",1,0,1,0,0,0,0,1,0,-1,1,0,1,1,1,0,0,0,0,1,-1,1,1,-1,1,1,1,0,1,1,1,1,0,1,1,0,0,0,1,1,0,1,0,1,0,1,1,1,1,-1,1,0,1,0,1,1,1,1,-1,0,0,1,1,1,1,1,0,1,1,-1,1,1,1,0,0,0,0,0,0,1,1
"10",0,0,1,1,1,1,1,1,1,0,1,1,0,1,1,0,-1,1,1,1,1,1,1,1,0,0,1,0,0,1,1,1,1,1,1,1,1,1,1,1,1,1,1,1,0,1,1,1,0,1,1,0,0,1,1,0,1,1,1,1,1,1,0,1,0,0,0,0,0,1,0,1,1,1,1,1,0,1,1,1,0
"11",1,0,0,1,1,0,1,1,-1,-1,1,0,0,0,0,0,0,0,0,0,0,1,1,1,1,0,0,1,0,0,1,1,0,0,1,0,0,1,1,0,0,1,1,1,1,0,1,0,0,-1,1,0,-1,1,-1,1,0,-1,0,0,1,0,0,1,0,0,0,0,0,1,1,0,1,0,1,1,1,1,1,1,1
"12",1,1,0,1,-1,0,1,1,0,0,1,1,0,1,0,1,1,-1,1,0,-1,1,1,1,1,1,1,1,1,-1,1,1,1,0,0,0,0,1,-1,1,-1,1,0,1,1,1,1,-1,1,1,1,1,1,0,1,1,0,0,-1,0,0,1,1,1,1,1,-1,1,0,1,0,0,1,1,1,1,0,1,0,1,0
"13",0,0,-1,1,1,-1,1,1,0,0,0,1,-1,1,1,-1,0,0,1,0,1,1,1,1,1,1,1,0,0,1,0,1,1,1,0,-1,-1,1,1,0,-1,1,1,1,0,-1,1,0,1,1,1,1,0,0,-1,1,1,0,1,-1,0,1,0,-1,0,0,0,0,0,0,0,0,0,1,1,1,1,1,1,1,1
"14",1,1,1,1,1,0,1,1,1,1,1,1,1,1,0,1,1,-1,1,0,1,1,1,1,1,1,1,-1,1,1,0,0,1,0,0,-1,-1,-1,1,1,1,1,0,1,1,-1,0,0,0,1,0,1,0,0,1,1,1,-1,1,-1,0,1,1,0,0,0,-1,0,-1,1,1,0,1,1,0,0,1,0,1,1,0
"15",1,1,1,-1,1,-1,0,1,1,-1,0,1,0,0,1,0,0,0,1,1,-1,1,0,1,1,1,1,0,0,1,0,0,1,0,1,0,-1,1,0,1,0,0,1,1,1,1,0,-1,1,0,1,1,1,0,1,1,0,0,-1,0,1,1,1,0,1,1,0,1,0,1,1,-1,0,0,0,0,1,0,0,1,-1
"16",0,-1,1,1,-1,0,1,0,1,0,1,0,1,1,1,-1,0,0,1,1,0,1,1,1,1,0,1,0,0,1,0,1,1,0,0,1,1,1,0,1,0,1,0,1,1,1,1,0,0,1,0,1,0,0,0,1,1,0,1,0,1,1,1,1,1,1,1,1,1,0,1,1,0,1,-1,-1,0,1,0,1,1
"17",-1,-1,1,1,0,0,1,1,0,0,0,1,-1,1,0,0,0,0,0,1,-1,1,1,1,1,-1,1,0,0,1,1,1,1,0,1,1,1,1,1,1,1,1,0,1,1,0,1,1,0,1,1,0,1,0,0,-1,0,1,0,0,1,1,1,1,1,1,-1,1,-1,1,1,0,1,1,0,0,1,-1,1,1,0
"18",1,1,1,0,0,0,1,0,-1,-1,1,1,1,1,1,0,1,-1,1,-1,1,1,1,0,0,0,0,1,0,0,1,0,1,0,1,0,0,1,1,-1,0,0,1,1,-1,-1,1,1,1,0,1,1,1,-1,1,0,0,-1,0,0,0,0,0,1,0,0,0,0,0,0,1,0,1,1,0,0,0,1,0,1,-1
"19",1,1,0,1,1,1,1,1,-1,-1,0,1,-1,1,0,0,0,0,1,0,0,1,1,1,1,-1,0,1,0,0,-1,1,1,1,1,0,0,0,1,1,0,1,1,1,1,-1,1,0,1,1,1,0,0,0,1,0,1,0,1,0,1,1,1,1,0,0,0,0,0,0,1,0,1,1,-1,-1,1,0,0,1,1
"20",0,-1,1,1,-1,0,1,-1,-1,0,1,1,0,1,0,1,0,0,0,0,1,1,1,1,1,0,1,1,-1,1,1,-1,1,1,0,0,0,0,1,-1,-1,1,-1,1,1,0,1,0,0,1,0,1,0,1,1,-1,1,0,1,-1,0,1,1,1,1,1,0,1,0,0,0,0,1,0,1,1,0,0,1,1,1
"21",1,1,-1,0,0,-1,1,-1,0,-1,1,1,0,1,1,1,0,0,1,-1,-1,1,1,1,1,0,1,0,0,1,1,1,1,0,0,0,0,1,1,0,-1,0,1,0,0,0,1,1,1,0,-1,1,0,1,0,1,0,-1,0,0,1,-1,0,-1,0,0,0,0,0,0,1,1,1,1,0,0,1,0,1,1,0
"22",1,1,0,0,0,0,1,1,1,-1,1,1,1,1,0,1,1,-1,1,1,0,1,1,1,1,1,1,-1,1,1,0,1,1,-1,1,0,0,1,1,0,0,1,0,1,0,1,1,0,1,0,1,1,1,0,1,1,0,0,-1,0,1,1,1,1,1,1,1,0,1,0,1,1,1,0,0,0,1,1,0,1,0
"23",0,1,1,0,0,-1,1,0,1,0,0,1,0,1,1,0,-1,1,1,-1,0,1,1,1,1,0,1,1,-1,0,1,1,1,0,0,0,0,0,1,1,1,1,1,1,0,1,1,0,1,1,0,1,0,0,0,0,1,-1,0,-1,1,0,1,0,1,1,0,1,0,1,1,0,0,1,1,1,0,1,0,1,1
"24",1,1,-1,1,-1,0,1,1,0,0,1,1,0,1,1,-1,-1,1,1,1,1,1,0,1,1,1,1,0,0,1,1,1,1,0,1,1,1,1,1,0,0,1,1,1,0,0,1,1,1,1,0,1,1,0,1,0,1,-1,1,0,1,1,0,1,1,1,1,1,0,0,1,0,1,0,0,0,-1,1,1,1,0
"25",1,1,1,0,0,0,1,1,1,-1,1,1,0,0,1,0,1,-1,1,1,-1,1,0,1,1,1,1,0,1,0,1,-1,1,0,0,1,-1,1,1,0,1,0,0,1,1,1,1,0,1,0,0,1,1,0,1,1,0,1,-1,-1,0,1,1,1,0,0,0,0,0,1,1,1,1,1,0,0,1,0,1,1,-1
"26",-1,-1,-1,0,0,-1,1,1,0,1,0,0,0,1,1,0,-1,1,0,-1,1,1,1,1,1,0,0,0,0,0,-1,1,1,1,1,1,1,1,1,0,1,1,0,1,-1,0,1,1,1,0,0,0,-1,1,1,0,0,0,0,-1,0,1,1,1,0,0,0,-1,0,0,0,0,1,1,0,0,1,1,1,1,1
"27",1,1,0,1,-1,1,1,1,1,-1,1,0,1,1,1,-1,0,0,1,1,1,1,0,0,1,1,1,1,-1,1,-1,1,1,0,-1,0,0,1,0,1,1,1,0,1,0,0,1,0,0,1,1,-1,0,0,1,1,0,-1,0,1,1,1,1,1,0,0,0,0,0,0,1,0,1,-1,-1,-1,0,1,1,0,1
"28",1,1,1,1,1,-1,1,1,1,0,1,1,1,1,0,0,1,-1,1,1,0,0,0,1,1,0,1,0,1,1,1,0,1,0,0,-1,-1,0,1,1,1,-1,1,1,1,1,-1,1,0,1,1,0,1,-1,0,1,0,0,-1,-1,0,1,1,1,1,1,0,1,1,1,1,0,1,1,1,1,1,1,0,1,-1
"29",1,1,0,0,1,1,1,1,1,0,1,1,0,1,0,0,0,0,0,0,0,1,1,1,1,1,1,1,-1,1,0,1,1,1,1,1,1,1,1,0,0,1,1,1,1,1,1,0,0,1,1,-1,1,0,1,0,0,1,0,0,1,1,1,1,0,0,0,0,0,-1,1,-1,1,1,-1,-1,1,1,0,1,1
"30",0,0,1,1,1,1,1,1,1,0,1,0,1,1,0,1,-1,1,1,0,0,1,1,1,1,1,1,0,0,1,0,1,1,-1,0,1,1,1,1,1,1,0,1,1,1,0,1,1,1,-1,1,0,0,0,1,-1,0,0,0,1,1,1,1,1,1,1,1,1,1,1,1,1,0,1,0,0,1,1,0,0,-1
"31",0,0,0,0,0,0,0,1,1,1,0,1,0,1,1,0,0,0,0,1,1,1,0,0,1,1,1,0,0,1,1,1,0,0,0,1,1,1,1,0,0,0,1,0,1,0,1,0,1,0,1,1,-1,1,1,1,-1,0,-1,-1,-1,-1,-1,1,1,1,1,1,1,1,1,1,1,1,0,0,0,0,0,1,1
"32",-1,-1,0,1,0,0,1,0,1,-1,-1,1,-1,0,1,0,1,-1,1,1,0,1,1,1,1,0,1,1,-1,1,1,1,1,1,1,1,1,1,1,-1,1,1,1,1,1,0,1,0,1,1,1,-1,-1,0,0,1,1,0,1,0,0,1,1,1,1,1,0,1,-1,1,1,1,1,1,0,0,1,0,0,1,-1
"33",1,1,1,1,0,-1,1,0,1,-1,0,1,0,1,1,0,1,0,0,1,-1,1,0,0,1,1,1,0,0,1,1,1,1,-1,0,1,0,1,1,1,0,1,0,1,1,1,1,0,1,1,0,0,0,0,1,1,-1,-1,-1,0,0,0,0,1,0,0,0,0,0,1,0,0,1,-1,1,1,1,1,1,1,0
"34",0,0,1,1,-1,0,1,1,1,1,1,1,1,1,0,0,1,-1,1,-1,-1,1,0,0,1,1,1,-1,1,1,1,1,1,0,1,0,-1,0,1,1,1,0,0,1,1,1,1,0,0,1,1,1,1,0,1,1,0,0,-1,0,0,1,1,1,1,1,0,0,0,1,0,1,1,-1,1,1,1,0,1,0,-1
"35",1,0,1,1,1,-1,0,0,1,1,1,1,0,1,1,-1,-1,1,1,0,1,1,1,1,0,-1,1,1,-1,1,-1,1,1,1,0,1,1,1,1,0,1,1,1,1,1,0,1,1,1,0,0,1,1,-1,0,1,1,0,1,0,1,1,1,1,1,1,0,1,1,0,0,0,1,1,-1,-1,-1,1,1,1,0
"36",1,0,0,0,0,0,1,1,1,-1,1,1,0,1,1,1,0,0,0,0,1,1,0,1,1,1,1,0,0,1,1,1,1,0,1,1,1,1,1,1,0,0,1,1,1,0,1,0,1,1,-1,1,1,-1,1,1,0,0,0,1,1,1,1,1,-1,-1,-1,-1,-1,1,1,0,1,1,-1,-1,1,1,1,1,1
"37",0,-1,-1,0,0,0,1,0,1,0,1,0,0,1,1,1,0,0,0,0,0,1,1,1,1,0,0,0,1,0,1,1,1,0,0,1,1,1,0,0,0,1,1,1,1,1,0,1,1,0,0,0,-1,1,0,-1,1,0,1,0,1,1,1,0,1,1,1,1,1,0,1,1,1,1,1,1,1,1,1,1,1
"38",0,0,1,1,0,0,1,1,0,0,0,1,0,0,1,1,0,0,1,0,-1,1,1,1,0,0,0,0,1,0,0,1,1,0,0,0,0,1,1,-1,1,1,0,1,0,1,1,1,0,1,-1,1,1,-1,1,1,-1,0,-1,-1,1,1,0,1,1,1,1,0,1,0,1,-1,0,1,1,1,-1,0,1,1,0
"39",1,1,0,1,-1,0,0,0,1,0,1,1,0,1,1,1,0,0,1,1,1,0,0,1,1,-1,1,0,0,1,1,1,1,1,1,0,0,1,1,-1,0,1,0,1,0,0,1,-1,0,0,1,1,-1,1,1,1,1,0,1,1,1,1,1,1,0,0,0,0,0,1,0,0,1,1,1,1,0,0,1,1,1
"40",1,0,0,0,1,-1,1,0,1,1,1,1,1,1,1,0,0,0,1,1,0,1,0,0,1,0,0,1,0,0,1,1,1,0,0,1,1,1,1,0,-1,0,0,1,1,0,1,0,0,1,1,0,0,-1,1,0,0,1,0,1,1,1,1,0,1,1,1,0,0,-1,1,1,1,1,0,0,1,0,1,0,0
"41",0,0,0,1,1,1,1,-1,1,1,1,1,1,1,0,0,0,0,1,0,1,1,1,1,1,1,0,0,1,0,0,0,1,1,0,0,0,1,1,0,0,1,1,1,1,0,1,1,1,1,1,0,-1,0,1,1,0,-1,0,0,1,1,1,0,0,0,0,0,0,0,1,1,1,0,0,0,-1,1,1,1,1
"42",0,-1,0,1,1,1,1,1,1,0,1,1,0,1,0,1,0,0,0,1,1,1,1,1,0,0,1,1,-1,1,1,0,1,0,1,0,0,0,1,1,0,1,-1,1,1,0,1,1,-1,0,0,0,0,1,1,-1,-1,-1,-1,-1,-1,1,1,-1,0,0,-1,-1,-1,1,-1,0,1,1,0,0,-1,1,0,1,1
"43",1,1,0,1,-1,0,1,0,1,1,0,1,0,1,1,0,-1,1,-1,-1,1,1,0,1,1,1,0,1,0,0,1,1,1,0,-1,0,0,0,1,-1,0,0,0,1,1,0,1,1,0,1,1,0,1,-1,1,0,1,-1,1,0,1,0,0,1,1,1,0,1,0,0,0,0,0,1,0,0,-1,1,1,1,1
"44",0,0,0,1,0,1,1,-1,1,0,1,0,0,0,1,0,0,0,0,0,0,1,1,0,0,-1,0,1,0,0,1,1,0,0,1,0,0,1,1,1,-1,0,0,1,1,1,1,0,-1,0,1,1,1,0,1,-1,1,0,1,0,1,1,1,1,0,0,0,0,0,1,1,-1,-1,1,1,1,0,0,0,1,1
"45",0,0,1,0,1,0,1,1,0,0,0,0,1,1,1,1,0,0,0,-1,0,1,0,0,1,0,1,1,-1,1,1,1,0,1,1,0,0,0,1,1,1,1,1,1,1,-1,0,1,0,0,0,0,0,0,1,0,0,1,0,1,1,0,1,1,1,1,0,1,-1,1,1,1,1,1,0,0,0,1,1,0,-1
"46",0,0,0,1,1,1,1,1,-1,0,-1,1,1,1,0,0,0,0,1,1,1,1,1,1,1,0,-1,1,1,-1,-1,1,1,0,0,0,0,1,1,1,0,1,1,1,1,1,1,1,1,0,1,1,1,0,1,0,1,0,1,0,0,1,1,1,0,0,0,0,0,0,1,0,0,0,1,1,0,1,1,1,1
"47",0,-1,0,1,1,0,0,1,1,0,0,1,0,0,1,0,0,0,1,0,0,1,1,1,1,0,1,1,-1,1,1,1,1,1,-1,0,0,1,1,0,1,1,1,1,0,0,1,1,1,1,1,1,0,0,1,-1,0,0,0,0,0,1,0,0,0,0,0,-1,0,1,1,1,0,0,0,0,1,0,0,1,1
"48",0,0,0,1,1,0,1,-1,0,-1,1,1,1,1,0,1,0,0,0,0,1,1,1,1,1,1,1,1,-1,1,1,1,1,1,1,0,0,1,1,1,1,1,1,1,1,1,1,0,-1,1,1,0,1,-1,1,0,0,0,0,0,1,0,1,1,-1,-1,-1,-1,-1,-1,1,0,0,-1,1,1,0,1,1,1,0
"49",-1,-1,0,1,0,1,1,0,-1,0,1,-1,0,1,1,-1,0,0,0,1,0,1,1,1,1,-1,1,1,-1,1,0,1,1,1,0,0,0,0,1,0,0,0,1,1,1,0,1,1,1,1,1,1,1,0,0,0,0,-1,0,-1,0,1,1,0,1,1,1,1,1,0,1,0,0,0,0,0,1,0,1,1,1
"50",0,0,1,1,0,-1,0,0,0,-1,0,-1,-1,1,0,1,-1,1,1,1,0,1,1,1,0,1,1,0,0,1,0,1,1,1,0,0,0,0,1,1,-1,1,0,1,1,0,1,1,0,0,1,-1,-1,1,1,-1,0,0,0,0,1,1,1,1,0,0,-1,1,0,-1,1,0,1,1,0,0,0,1,1,0,0
"51",1,1,1,1,0,1,1,-1,0,1,0,1,1,1,1,0,0,0,0,0,1,0,1,1,1,0,1,0,0,1,1,1,0,0,0,0,0,1,1,1,1,1,1,1,1,0,1,1,0,0,0,1,1,0,1,1,1,1,1,0,1,1,1,0,0,0,0,0,-1,0,1,0,1,0,0,0,1,1,1,1,0
"52",1,1,1,1,1,-1,0,0,0,0,1,1,0,1,1,-1,-1,1,1,1,0,1,0,0,1,-1,1,-1,1,1,1,1,-1,0,1,1,1,1,1,0,0,1,0,1,1,0,1,1,1,0,0,1,0,1,1,1,0,0,0,0,1,1,1,0,-1,0,0,-1,0,0,1,1,1,1,0,0,0,1,1,1,1
"53",1,1,1,0,0,0,1,1,0,-1,1,1,0,0,1,-1,0,0,1,1,0,1,1,1,1,0,0,0,1,0,1,0,1,0,0,1,1,1,1,-1,0,1,-1,1,0,1,1,1,1,1,1,1,1,-1,1,1,0,0,0,0,1,1,1,1,1,1,1,1,1,0,1,0,1,0,1,1,1,1,0,1,0
"54",1,1,0,1,0,0,0,1,1,1,0,1,0,1,0,0,0,0,1,1,1,1,1,1,1,1,1,1,-1,1,1,1,0,1,0,1,1,1,1,0,0,1,0,1,1,0,1,1,0,1,1,1,1,1,1,-1,0,0,0,0,1,0,0,1,0,1,0,0,0,1,1,0,1,1,1,1,1,1,1,1,0
"55",-1,-1,-1,0,1,0,1,-1,1,1,0,0,0,1,1,-1,0,0,1,1,0,0,1,1,1,0,1,0,0,1,1,-1,1,0,-1,1,1,1,1,1,0,1,1,1,1,-1,1,1,0,0,-1,1,0,1,1,-1,0,0,0,-1,-1,0,1,1,1,1,1,1,1,1,0,0,1,1,1,1,0,1,0,1,1
"56",1,1,-1,1,1,0,1,1,1,1,0,1,1,1,1,-1,1,-1,1,0,-1,1,0,1,1,1,1,0,0,1,0,1,1,1,-1,1,1,1,0,1,0,0,1,1,0,0,1,0,1,1,0,1,0,0,1,0,0,0,0,0,1,1,1,1,1,1,0,1,0,0,1,1,0,0,1,1,0,-1,1,1,1
"57",1,1,1,1,1,0,1,0,0,0,1,1,1,1,0,0,0,0,1,-1,1,1,0,1,1,0,1,1,-1,1,0,1,1,0,0,-1,-1,0,1,-1,0,1,1,1,1,0,0,0,0,1,1,0,0,0,0,0,1,-1,1,1,1,1,1,1,1,1,0,1,0,1,0,0,1,1,1,1,0,0,0,1,1
"58",1,-1,0,0,-1,0,1,1,0,-1,1,0,0,1,0,0,1,-1,0,0,1,1,1,1,1,-1,0,1,0,0,0,1,1,0,0,0,0,0,1,0,-1,0,1,1,1,1,0,1,0,1,1,0,1,-1,1,-1,-1,0,-1,0,0,1,1,1,1,1,1,0,0,1,1,1,0,1,-1,-1,1,1,1,1,1
"59",0,-1,-1,1,-1,1,1,0,0,1,1,1,0,1,1,-1,0,0,0,0,1,1,1,1,1,0,1,1,-1,1,1,1,1,0,1,1,1,1,1,0,-1,0,1,1,1,0,1,0,1,1,0,1,0,0,0,0,1,1,1,1,1,0,0,0,1,1,1,1,1,0,1,0,0,1,1,1,0,1,0,1,1
"60",1,1,0,1,1,1,1,0,0,0,0,0,1,0,1,0,0,0,0,0,1,1,1,1,1,0,1,1,-1,1,1,1,0,0,0,-1,-1,1,1,0,0,1,1,1,1,0,1,0,-1,1,-1,1,0,0,1,0,1,0,1,-1,0,1,1,1,0,0,0,0,0,1,0,1,1,0,0,0,0,0,1,1,0
"61",0,0,0,0,1,-1,1,0,0,1,0,1,-1,1,1,1,0,0,1,-1,1,1,1,0,-1,0,1,1,-1,1,1,1,1,1,0,1,1,1,1,1,0,1,0,1,1,0,1,0,0,1,0,1,0,0,1,0,0,-1,0,0,1,1,1,1,0,0,0,0,0,1,-1,-1,1,1,0,0,-1,0,0,1,0
"62",1,0,0,1,0,-1,1,1,-1,0,0,0,0,1,1,0,0,0,0,-1,0,1,1,1,0,0,1,1,-1,1,0,1,1,0,-1,1,1,1,1,0,0,1,1,1,1,-1,1,1,1,-1,1,0,0,1,0,0,0,1,0,0,1,1,1,1,0,0,0,0,0,1,1,1,1,1,1,1,-1,-1,1,0,1
"63",0,0,1,1,1,1,1,0,0,0,0,1,0,1,1,-1,0,0,1,0,0,1,1,1,1,0,-1,1,1,-1,1,1,1,0,0,1,1,1,1,0,0,1,0,1,1,0,1,1,0,0,1,0,0,0,1,-1,0,1,0,0,0,0,0,1,1,1,0,1,-1,0,0,1,1,0,-1,-1,0,0,1,1,1
"64",0,-1,0,1,0,0,1,0,0,-1,0,1,-1,1,-1,1,1,-1,-1,0,0,1,1,1,1,1,1,1,-1,1,1,0,1,0,0,0,0,0,1,0,1,1,1,0,1,1,1,-1,0,0,0,1,0,1,0,0,-1,1,-1,0,0,1,1,1,0,0,0,0,0,0,1,1,0,1,-1,-1,1,0,0,1,1
"65",0,0,0,-1,0,0,1,-1,1,0,0,0,0,0,1,1,-1,1,-1,1,-1,1,1,1,1,1,0,0,1,0,1,1,1,0,-1,0,0,1,1,1,0,1,0,0,0,0,1,0,1,0,1,0,-1,1,1,0,0,0,0,0,0,1,1,1,1,1,0,1,1,1,0,0,0,-1,1,1,0,1,0,0,1
"66",1,1,0,1,1,1,1,0,1,1,1,1,-1,1,1,1,0,0,0,1,1,1,1,1,1,0,1,1,-1,1,0,1,0,1,0,0,0,1,1,1,0,0,1,1,1,-1,1,0,0,0,0,0,0,0,0,1,1,-1,1,0,0,0,0,1,0,0,0,0,0,1,0,1,1,1,-1,-1,0,0,1,0,1
"67",1,1,1,1,1,1,1,-1,0,0,0,0,0,1,1,0,0,0,1,-1,1,1,1,1,0,0,1,1,-1,1,1,1,0,0,-1,1,1,1,1,-1,0,0,1,1,-1,0,1,0,0,0,1,1,0,0,1,0,1,-1,0,1,1,1,1,1,0,0,-1,0,-1,-1,1,0,1,0,1,1,-1,1,0,1,1
"68",-1,-1,1,1,0,1,1,1,0,0,1,1,0,1,1,-1,-1,1,1,1,-1,1,0,1,1,1,0,1,0,0,0,1,1,1,0,1,1,1,1,1,1,1,0,1,0,0,1,0,0,0,0,0,0,0,0,1,0,0,0,0,1,1,1,1,1,1,0,1,0,1,1,0,1,1,0,0,1,1,1,1,0
"69",-1,-1,1,1,1,1,1,1,0,1,0,1,0,0,1,-1,1,-1,1,1,0,1,1,1,1,1,1,0,0,1,1,1,0,0,-1,-1,-1,0,1,0,1,1,0,1,1,0,1,-1,0,0,0,1,0,0,-1,1,0,1,0,-1,0,1,1,0,0,1,1,0,1,0,1,1,1,0,0,0,1,0,1,1,1
"70",1,1,0,0,0,0,1,-1,0,0,1,0,-1,1,0,0,0,0,1,1,1,1,0,0,0,-1,-1,1,1,-1,1,0,1,0,0,0,0,1,1,-1,1,0,0,0,1,-1,1,0,-1,1,0,0,1,-1,1,-1,1,-1,1,-1,1,0,0,1,0,1,1,0,1,0,1,0,1,0,0,0,1,1,1,0,0
"71",0,0,1,1,0,1,1,1,-1,-1,1,1,1,1,1,0,0,0,0,-1,-1,1,0,0,1,1,1,-1,1,1,1,1,1,0,1,-1,-1,0,1,0,0,1,-1,1,1,-1,1,0,0,1,1,1,0,0,1,1,0,0,0,0,0,1,1,1,1,1,0,1,0,0,1,1,1,0,0,0,0,1,0,1,1
"72",1,1,1,1,0,-1,1,-1,1,0,1,1,1,1,1,0,1,-1,1,0,0,1,1,1,1,0,1,1,-1,1,0,1,0,1,0,0,0,0,1,-1,1,0,0,1,1,1,1,0,1,0,1,1,0,0,1,1,0,0,0,-1,0,1,0,0,1,1,1,1,1,0,1,1,1,1,0,0,1,0,0,1,0
"73",1,1,0,1,-1,0,1,0,0,1,1,1,1,1,1,0,0,0,1,1,0,1,1,1,1,-1,1,-1,1,1,-1,1,1,1,1,1,1,1,1,1,-1,1,1,1,0,0,1,1,1,1,0,1,0,0,1,-1,-1,0,-1,0,0,1,1,1,0,0,0,0,0,1,1,0,1,1,0,0,1,1,1,1,1
"74",-1,-1,1,1,0,-1,1,0,-1,1,0,0,0,1,1,-1,0,0,-1,0,1,1,1,1,1,-1,1,1,-1,1,1,1,1,1,0,0,0,1,1,1,1,0,0,1,0,0,1,1,1,0,1,0,0,0,0,-1,1,0,1,0,1,1,1,0,0,0,0,0,0,0,1,1,1,1,0,0,0,1,1,1,0
"75",0,0,1,1,0,0,1,1,0,0,1,1,1,1,1,0,-1,1,1,0,0,1,0,1,0,0,1,0,0,1,1,1,1,1,0,0,0,1,1,-1,0,1,0,1,1,0,1,0,-1,1,0,1,1,0,1,0,-1,-1,-1,0,0,-1,-1,1,1,1,1,0,1,1,1,0,0,1,1,1,0,1,1,1,1
"76",1,1,0,1,0,1,1,0,1,1,1,0,0,0,1,0,-1,1,-1,1,0,1,-1,0,1,1,1,0,0,1,1,1,1,1,0,0,0,0,1,0,1,-1,1,1,0,0,1,1,1,1,0,1,0,1,1,0,1,0,1,0,0,1,1,1,1,1,0,1,0,0,0,1,1,1,1,1,1,1,1,1,0
"77",0,-1,1,1,-1,0,1,0,1,1,1,1,0,1,1,0,1,-1,1,0,1,1,1,1,1,0,1,0,0,1,1,1,1,-1,-1,1,1,1,1,0,0,1,1,1,1,0,1,1,1,1,0,0,0,0,-1,1,0,0,0,1,1,1,1,1,0,1,1,0,0,1,0,0,1,1,0,0,0,0,1,1,0
"78",0,0,0,1,0,0,1,0,0,0,0,1,-1,1,0,0,0,0,0,0,1,1,1,1,1,0,1,1,-1,1,0,0,1,1,0,0,0,0,1,1,0,1,1,1,0,1,1,1,1,0,0,1,0,0,0,-1,0,0,0,-1,1,1,1,0,0,0,-1,0,-1,1,0,0,1,1,-1,-1,-1,0,1,1,1
"79",1,1,0,1,0,-1,0,-1,-1,0,0,1,-1,0,0,1,0,0,1,1,0,1,1,1,1,-1,1,1,-1,1,1,1,1,1,0,1,1,1,0,1,0,0,1,1,1,0,0,0,-1,-1,0,0,0,0,0,0,-1,0,-1,1,1,0,0,1,0,0,-1,0,-1,0,1,0,1,1,0,0,0,-1,1,1,0
"80",0,0,1,0,1,-1,1,0,1,0,1,1,0,1,1,-1,1,-1,1,1,1,1,1,1,1,1,1,0,0,1,1,1,1,0,0,1,0,1,0,1,1,0,0,0,1,-1,1,1,0,-1,0,0,0,1,0,0,0,-1,0,0,0,-1,-1,0,0,0,0,-1,0,0,1,0,1,0,1,1,1,0,1,1,1
"81",1,1,1,1,0,0,1,0,1,-1,0,1,0,1,0,0,0,0,0,1,0,1,1,1,1,1,1,0,0,1,0,1,1,0,0,0,0,1,1,1,1,1,0,1,1,-1,1,1,1,-1,0,1,-1,1,1,0,1,0,1,0,1,1,0,1,1,1,1,1,1,1,0,0,0,0,1,1,1,-1,1,1,1
"82",1,0,0,1,0,0,1,0,0,0,0,1,0,1,0,0,1,-1,-1,0,1,1,1,1,1,0,0,1,0,1,0,1,0,0,1,0,0,1,1,-1,-1,1,0,0,1,1,1,0,0,-1,0,1,0,0,0,1,0,-1,0,-1,-1,0,0,1,1,1,-1,1,-1,1,0,-1,1,1,0,0,-1,1,0,1,0
"83",0,0,1,0,1,0,1,1,-1,0,1,0,0,1,1,1,1,-1,0,1,0,0,1,1,1,1,1,0,0,1,0,1,1,1,0,0,0,0,0,1,0,1,0,1,1,0,0,-1,0,0,0,0,-1,1,1,-1,1,1,1,-1,0,0,0,1,1,1,1,0,1,1,0,0,-1,0,0,0,1,0,0,1,1
"84",0,0,1,1,0,0,1,0,0,-1,-1,0,0,1,1,0,0,0,1,0,1,1,1,1,1,1,1,0,0,1,1,1,1,0,0,0,0,0,1,1,0,1,1,1,1,0,1,0,-1,1,-1,1,1,-1,1,-1,0,1,0,-1,-1,1,1,1,1,1,0,1,0,1,0,0,-1,1,1,1,0,1,1,1,1
"85",-1,-1,1,1,0,0,1,-1,1,1,1,0,-1,1,0,0,1,-1,1,1,1,1,1,1,1,-1,1,0,0,1,1,1,0,1,-1,1,1,1,1,1,1,1,-1,1,1,1,1,0,0,1,0,1,-1,1,1,0,0,1,0,0,1,1,1,0,0,1,0,0,0,1,1,0,0,0,0,0,0,0,1,1,1
"86",0,0,1,1,1,-1,0,1,1,1,0,1,0,1,1,1,0,0,1,1,0,1,1,1,1,0,0,0,1,0,1,0,0,1,1,1,1,1,1,1,0,0,1,1,1,1,1,0,-1,0,0,0,-1,1,1,0,1,0,1,1,1,0,0,0,1,1,0,1,0,1,0,1,0,0,-1,-1,-1,0,0,0,1
"87",-1,-1,1,1,1,1,1,0,1,1,1,1,0,1,1,0,1,-1,1,1,-1,1,1,1,1,0,1,0,0,1,1,1,0,1,-1,0,0,1,1,-1,0,1,0,1,1,0,0,0,0,-1,1,1,0,0,1,0,0,0,0,1,1,1,1,0,1,1,1,1,0,0,1,0,1,0,0,0,0,0,1,1,1
"88",0,0,1,1,1,0,1,0,0,-1,1,1,0,1,0,0,1,-1,1,0,1,1,1,1,1,-1,-1,1,1,-1,1,1,1,1,1,1,1,1,1,0,-1,1,1,1,1,-1,1,1,1,-1,1,0,1,-1,1,-1,1,-1,1,-1,0,1,1,1,1,1,1,1,1,0,1,0,1,1,0,0,1,-1,1,1,0
"89",1,1,1,1,0,-1,0,0,1,1,1,0,0,-1,1,0,1,-1,1,-1,0,1,1,1,1,0,1,0,0,1,1,1,-1,1,0,0,0,1,1,1,-1,1,0,1,1,1,1,1,1,0,-1,1,1,-1,0,-1,1,0,1,0,1,0,0,0,0,0,-1,0,-1,0,1,-1,1,1,-1,-1,0,1,0,1,0
"90",0,0,1,1,1,0,0,1,0,-1,1,0,0,1,0,0,0,0,0,0,1,1,0,1,0,0,1,1,-1,1,0,1,1,1,0,1,1,1,1,0,0,1,1,1,1,1,1,-1,1,0,1,0,0,1,1,1,1,0,1,0,0,1,1,1,1,1,1,1,1,0,0,1,0,1,0,0,0,0,0,1,1
"91",0,0,1,1,1,1,1,1,0,0,1,1,0,1,1,-1,1,-1,0,1,1,1,1,0,1,0,0,0,1,0,1,1,1,1,0,1,1,1,0,1,-1,1,0,1,1,0,1,1,1,1,0,0,0,0,-1,1,0,0,0,-1,1,-1,0,1,0,0,0,0,0,-1,1,0,0,0,1,1,0,1,1,0,1
"92",0,0,1,1,0,0,1,0,0,0,0,1,0,1,1,0,1,-1,0,1,-1,1,1,1,1,-1,1,0,0,1,0,1,1,1,1,1,1,1,0,1,1,0,1,1,1,1,1,1,1,0,1,0,1,0,1,1,-1,0,-1,0,0,1,1,0,1,1,1,0,1,0,0,0,1,0,1,1,1,0,0,1,0
"93",1,1,1,1,0,0,1,0,1,0,0,0,0,1,1,1,0,0,1,1,1,1,1,1,1,-1,1,0,0,1,0,1,0,1,1,-1,-1,0,1,0,0,1,0,1,1,0,1,1,1,1,1,-1,-1,1,1,0,0,1,0,-1,-1,1,0,1,1,1,1,1,1,-1,1,1,1,1,0,0,0,0,1,-1,1
"94",1,1,1,1,0,-1,1,0,0,0,0,1,0,1,1,0,1,-1,0,0,0,1,1,1,1,0,1,-1,1,1,0,1,1,0,1,-1,-1,0,1,0,-1,1,0,1,1,1,1,-1,0,0,0,1,0,1,1,-1,1,-1,1,-1,0,1,1,1,1,1,1,1,1,1,-1,-1,0,0,1,1,0,-1,1,1,0
"95",1,0,1,1,0,-1,1,-1,-1,-1,1,1,0,1,1,0,1,-1,0,-1,-1,1,0,0,0,1,1,-1,1,1,1,1,1,1,1,0,0,0,1,-1,0,0,1,1,1,0,0,0,1,0,1,0,0,1,0,1,0,0,0,0,0,1,1,1,0,0,0,-1,0,0,0,0,0,0,0,0,1,-1,0,1,1
"96",-1,0,1,1,1,0,1,-1,1,1,1,1,1,1,1,0,0,0,0,1,0,1,1,1,1,1,1,0,0,1,1,0,1,0,1,1,1,1,1,1,0,1,1,1,1,0,1,1,1,0,0,0,1,1,1,1,1,1,1,0,1,0,1,0,1,1,1,0,0,0,1,0,0,1,1,1,0,0,1,1,0
"97",-1,-1,1,0,1,-1,1,0,1,0,1,1,1,1,1,0,1,-1,0,0,0,1,1,1,1,0,1,1,-1,1,1,1,0,0,0,-1,-1,0,1,1,1,0,1,1,1,1,1,1,1,1,0,0,0,1,1,0,1,0,1,-1,1,0,0,1,0,0,0,0,0,1,1,0,0,1,1,1,0,-1,0,0,1
"98",0,0,0,1,-1,-1,1,-1,1,0,0,1,1,1,1,0,-1,1,0,-1,0,1,1,1,1,0,0,1,0,0,1,1,1,0,0,-1,-1,-1,1,1,0,0,0,1,1,1,0,1,0,0,0,1,0,1,0,-1,1,0,1,1,1,1,1,1,1,1,1,1,0,0,1,1,1,1,-1,-1,1,1,1,1,1
"99",1,-1,-1,1,0,0,0,-1,1,0,1,0,0,0,0,0,-1,1,1,0,0,1,1,1,1,1,1,1,-1,1,0,1,1,0,0,0,0,1,0,0,0,1,0,1,1,0,1,0,1,0,-1,1,1,0,1,0,1,1,1,0,1,1,1,0,0,0,-1,0,-1,0,1,0,1,1,1,1,1,1,0,1,1
"100",1,1,1,0,1,-1,1,1,0,0,0,0,0,1,1,0,0,0,1,0,1,1,0,1,0,1,0,1,0,0,1,1,1,0,0,0,0,0,1,1,-1,1,0,1,1,0,1,0,0,1,-1,1,-1,0,0,0,-1,0,-1,1,1,1,1,1,0,0,0,0,0,1,-1,0,1,1,1,1,0,0,0,1,1
"101",1,0,0,1,0,0,1,1,1,-1,1,1,0,1,1,0,0,0,1,1,1,1,1,1,1,1,-1,1,1,-1,0,1,1,0,-1,0,0,1,1,0,0,1,1,1,1,0,1,-1,1,1,1,-1,0,0,1,-1,0,1,0,1,1,1,1,1,0,0,0,-1,0,1,1,0,0,1,1,1,-1,0,1,1,1
"102",-1,-1,1,1,0,0,0,1,1,0,1,1,0,1,1,0,-1,1,0,0,0,1,1,1,1,0,1,0,0,1,1,1,1,0,0,0,0,0,1,1,0,1,1,1,1,1,1,0,0,0,0,0,-1,1,1,0,1,1,0,0,0,0,0,1,1,1,1,0,1,0,1,1,1,1,1,1,1,1,1,0,0
"103",1,1,0,1,0,-1,0,0,1,1,1,1,-1,1,1,0,0,0,-1,1,0,1,1,1,1,1,1,1,-1,1,0,1,0,0,0,0,0,1,1,-1,0,0,0,1,0,1,1,1,1,-1,1,0,0,0,1,-1,1,-1,1,0,0,1,1,1,1,1,0,1,0,1,0,-1,1,0,1,1,0,1,1,1,1
"104",0,0,1,1,0,1,1,0,-1,1,1,1,-1,0,1,-1,-1,1,0,0,0,1,1,1,1,0,0,0,1,0,-1,1,1,1,-1,0,0,0,0,1,-1,0,1,1,0,0,0,1,-1,1,1,-1,-1,1,1,-1,0,0,0,0,1,1,1,1,0,0,0,0,0,0,0,0,1,1,0,0,1,1,1,0,0
"105",0,0,0,-1,0,0,1,0,1,0,1,1,-1,0,1,0,1,-1,-1,0,1,1,1,1,1,1,0,0,1,0,1,1,1,1,0,0,0,1,1,1,0,1,0,0,1,0,1,0,0,1,1,-1,0,0,1,0,-1,-1,-1,0,0,1,1,1,1,1,1,0,1,0,1,1,1,0,0,0,0,1,0,-1,1
"106",1,1,0,1,0,0,1,1,0,0,0,0,0,0,1,0,-1,1,0,1,1,1,1,0,1,0,0,0,1,0,-1,1,1,1,0,0,0,1,1,1,0,1,1,1,1,1,1,-1,0,0,1,0,0,0,1,1,0,0,0,1,1,1,1,0,1,1,0,1,-1,1,1,0,0,0,0,0,0,1,1,0,1
"107",0,0,1,1,0,0,0,0,1,0,1,1,1,1,1,-1,0,0,0,1,1,1,1,0,0,1,0,1,0,0,1,1,1,0,1,0,0,1,1,0,1,1,1,1,1,0,1,1,1,0,1,0,-1,1,0,1,0,0,0,0,1,1,1,1,0,0,0,0,0,1,1,0,1,1,-1,-1,1,0,0,1,1
"108",1,1,1,1,0,1,1,0,0,-1,0,1,0,1,0,1,0,0,0,0,0,1,1,1,0,1,1,-1,1,1,0,1,1,0,0,1,1,1,1,0,1,1,1,1,1,-1,1,0,-1,1,0,1,-1,1,1,0,0,-1,0,1,1,0,0,1,1,1,1,1,1,1,0,1,1,1,1,1,0,0,1,1,1
"109",-1,-1,1,1,1,1,1,0,0,0,0,1,1,0,1,1,-1,1,0,0,0,1,0,-1,0,1,1,0,0,1,1,1,1,0,-1,0,0,0,1,1,-1,1,1,1,1,1,1,-1,0,1,1,1,0,0,1,0,0,0,0,1,1,0,0,1,0,0,0,-1,0,1,1,1,1,1,0,0,1,1,1,1,0
"110",1,0,1,1,0,0,1,0,1,0,1,1,0,1,0,0,1,-1,-1,1,0,1,1,1,0,1,1,-1,1,1,-1,1,1,0,1,1,1,1,1,1,0,1,1,1,1,0,1,1,0,1,0,1,0,0,0,1,1,0,1,0,0,0,0,1,1,1,1,1,1,0,0,1,1,1,1,1,-1,1,1,1,1
"111",0,0,1,1,0,-1,1,0,0,0,0,0,-1,0,1,0,-1,1,0,0,1,1,1,1,1,0,1,0,0,1,0,1,0,-1,0,1,1,1,0,1,0,1,1,1,1,0,1,0,0,0,0,1,0,1,1,1,-1,-1,-1,0,0,1,1,1,0,0,-1,0,0,-1,1,1,-1,0,-1,-1,1,1,1,1,1
"112",1,1,1,1,1,1,1,-1,0,0,1,1,0,1,1,-1,1,-1,-1,1,1,1,1,1,1,0,1,0,0,1,1,0,1,0,-1,0,0,1,1,0,0,1,0,1,0,0,1,0,1,1,1,1,-1,1,1,-1,1,0,1,1,1,1,1,0,-1,-1,-1,-1,-1,1,1,0,1,0,1,1,1,0,1,1,1
"113",0,0,-1,1,1,0,1,0,0,1,0,1,0,1,1,1,-1,1,1,1,0,1,1,0,0,0,1,1,-1,1,0,1,0,0,-1,1,1,1,1,0,1,1,0,1,1,-1,1,-1,0,1,1,0,0,1,0,0,1,1,1,1,1,1,1,0,1,1,0,1,0,0,1,0,0,0,0,0,0,1,1,1,0
"114",0,-1,1,1,1,-1,1,1,1,0,1,0,1,1,0,1,0,0,1,1,1,1,1,1,1,1,0,1,0,0,1,1,1,1,1,-1,-1,-1,1,1,0,1,1,1,0,1,1,0,0,1,0,1,1,-1,1,0,1,0,1,-1,1,1,1,1,0,0,0,0,0,1,0,1,1,0,1,1,1,1,1,1,0
"115",-1,-1,0,0,1,0,1,0,0,0,0,1,0,1,0,1,0,0,0,0,1,1,-1,1,0,1,1,0,0,1,1,1,1,0,1,1,1,1,1,1,0,1,0,1,0,0,1,-1,1,0,1,0,0,0,1,0,0,0,0,1,1,1,1,1,1,1,0,1,0,1,0,1,1,0,1,1,1,1,1,1,1
"116",1,1,0,1,0,0,1,0,0,-1,1,0,1,1,1,0,0,0,1,1,1,1,0,1,0,0,1,0,0,1,1,0,1,1,0,0,0,1,1,1,-1,0,0,1,1,1,1,1,0,1,0,0,-1,1,0,1,1,-1,1,0,0,1,1,1,0,0,0,0,0,1,1,1,1,0,1,1,1,0,1,1,0
"117",-1,0,1,1,1,0,0,0,1,1,1,1,1,1,0,0,0,0,1,0,0,1,1,0,1,0,0,0,1,0,1,0,1,0,1,0,0,1,1,1,1,1,0,1,0,-1,1,-1,-1,0,0,1,0,0,1,0,0,0,0,-1,0,1,1,1,1,1,1,1,1,0,1,0,1,0,-1,-1,0,1,0,1,1
"118",0,0,1,1,0,-1,1,-1,0,0,0,1,0,1,1,0,0,0,1,1,-1,1,1,1,1,1,1,-1,1,1,0,0,1,1,-1,0,0,1,1,0,0,1,0,1,1,0,1,0,0,1,0,1,1,-1,1,1,1,-1,1,1,1,1,1,1,0,0,0,0,0,0,1,0,1,0,0,0,1,0,0,1,1
"119",0,-1,1,0,1,0,1,0,0,0,1,1,0,-1,1,0,-1,1,1,0,1,1,1,1,1,0,0,0,1,0,0,1,1,1,1,0,0,1,1,0,0,1,1,1,1,-1,1,-1,-1,1,0,0,1,-1,1,1,0,-1,0,0,0,0,-1,1,0,0,0,0,-1,-1,1,-1,1,0,1,1,-1,-1,1,1,0
"120",-1,-1,1,1,1,1,1,0,1,-1,0,1,0,1,1,0,1,-1,0,1,1,1,0,0,0,0,1,1,-1,1,0,1,1,1,1,0,0,1,1,0,-1,1,0,1,1,1,1,0,0,1,1,0,-1,1,0,0,0,0,0,0,1,1,1,1,0,0,0,0,0,0,0,1,1,1,1,1,0,-1,1,0,0
"121",1,1,0,1,0,0,0,-1,1,0,1,1,1,1,1,-1,-1,1,0,0,0,0,1,0,1,1,1,0,0,1,1,1,1,0,1,1,1,1,1,1,0,1,1,1,1,1,1,0,-1,1,1,-1,0,0,0,0,1,-1,1,0,0,1,1,1,1,1,1,1,1,0,1,1,1,0,-1,-1,1,1,1,0,0
"122",1,0,1,1,1,0,1,-1,1,1,0,0,1,1,0,0,0,0,1,0,0,1,1,0,1,0,1,0,0,1,0,1,1,0,0,0,0,0,1,1,0,1,0,1,0,0,1,1,1,1,0,0,0,0,1,1,0,0,0,-1,1,0,-1,1,1,1,0,1,0,0,1,0,1,-1,0,0,1,0,0,1,1
"123",0,0,-1,-1,1,0,1,0,-1,-1,1,-1,0,1,1,1,0,0,0,0,1,1,1,1,1,0,1,1,-1,1,1,1,1,1,-1,0,0,0,1,-1,1,0,1,1,1,0,1,-1,1,-1,1,-1,0,0,1,0,1,0,0,0,0,1,1,1,1,1,1,1,1,0,1,0,1,-1,0,0,0,1,1,-1,1
"124",0,1,0,1,0,0,1,-1,1,0,0,1,1,1,1,-1,0,0,0,0,1,1,1,1,1,0,1,-1,1,1,1,1,1,0,1,0,0,0,1,1,0,0,1,1,1,1,1,1,-1,1,-1,1,-1,1,0,0,0,1,0,0,0,1,0,1,0,0,-1,0,-1,1,0,1,1,0,1,1,0,0,0,1,1
"125",1,1,1,1,1,0,0,0,1,0,0,0,-1,1,1,-1,0,0,0,-1,1,1,1,1,1,0,1,0,0,1,0,1,0,0,0,1,1,1,1,0,-1,1,1,1,1,0,1,-1,1,0,1,1,1,-1,1,0,0,0,0,1,1,1,1,0,0,0,0,0,0,-1,1,0,0,0,0,0,1,1,1,1,0
"126",1,1,1,1,0,0,0,1,0,0,1,1,-1,1,1,0,-1,1,1,1,0,1,1,1,1,1,1,0,0,1,0,1,0,0,1,0,0,1,1,0,0,1,0,1,0,0,1,-1,1,1,0,1,-1,1,0,0,0,0,0,-1,1,1,1,0,0,0,0,0,0,1,0,1,0,1,0,0,0,1,1,1,0
"127",0,0,1,1,-1,0,1,0,1,0,1,0,0,0,1,0,0,0,0,0,1,1,1,1,0,1,1,1,-1,1,1,1,0,1,0,1,1,1,0,0,1,0,1,1,1,0,1,0,1,1,0,0,0,0,1,0,1,0,1,1,1,1,1,0,1,1,0,1,0,1,1,0,1,1,0,0,0,1,1,1,1
"128",0,1,1,1,0,-1,1,1,1,0,1,0,0,1,1,1,-1,1,1,0,1,1,1,1,1,0,1,0,0,1,1,1,0,1,-1,-1,-1,0,1,1,1,0,1,1,-1,1,1,-1,1,1,1,0,0,0,1,-1,-1,0,-1,-1,0,1,1,1,1,1,1,1,0,-1,1,0,0,0,0,0,0,1,0,1,0
"129",0,0,1,1,0,0,1,0,1,0,0,1,0,1,1,0,0,0,0,1,1,1,0,-1,1,0,1,0,0,1,-1,1,1,1,1,1,1,1,1,1,-1,1,0,1,1,0,0,0,1,0,0,0,1,0,1,0,1,0,1,0,1,1,1,0,0,0,0,0,0,1,-1,1,1,0,-1,-1,0,1,0,1,0
"130",0,0,0,1,0,0,1,-1,0,-1,1,1,0,1,0,0,0,0,0,-1,-1,1,1,0,1,-1,1,-1,1,1,1,1,1,1,0,0,0,0,1,0,0,0,0,1,-1,0,1,0,0,1,1,1,0,0,0,1,0,0,0,-1,1,1,1,1,1,1,0,1,0,1,0,0,0,1,0,0,1,1,1,1,1
"131",0,0,0,0,0,0,1,-1,-1,-1,0,1,-1,1,1,0,0,0,0,1,0,1,0,1,1,0,1,1,-1,1,0,1,1,0,-1,-1,-1,0,1,1,1,1,1,0,1,-1,1,1,0,1,1,1,1,-1,1,-1,-1,0,-1,0,0,0,0,1,1,1,0,1,-1,0,0,1,0,1,0,0,1,0,0,1,1
"132",1,0,1,1,-1,0,1,0,1,0,1,1,1,-1,-1,1,0,0,0,0,-1,1,0,1,1,1,1,-1,1,1,1,1,1,0,0,1,0,1,0,1,1,-1,1,1,1,-1,0,-1,1,1,1,-1,1,-1,1,1,0,1,0,0,1,0,1,1,1,1,-1,1,1,1,0,1,1,1,1,1,1,0,1,1,0
"133",0,1,0,1,1,0,1,0,0,1,1,1,0,1,1,0,0,0,1,0,1,1,1,1,1,0,0,1,0,0,0,1,1,1,-1,1,0,1,1,-1,0,1,1,1,1,0,1,-1,0,0,1,1,-1,0,1,1,-1,1,-1,0,1,-1,-1,1,1,1,1,1,1,1,0,1,1,0,1,1,0,-1,1,1,0
"134",-1,0,1,1,0,0,0,-1,1,-1,1,0,0,1,1,1,-1,1,0,-1,1,1,0,1,1,1,1,1,-1,1,-1,1,1,1,1,-1,-1,-1,1,-1,-1,1,0,1,1,-1,1,1,1,0,1,0,1,1,1,0,0,-1,0,0,0,1,1,1,1,1,1,1,0,0,1,1,0,1,0,0,-1,1,1,1,0
"135",1,1,1,1,1,0,1,0,0,0,1,1,-1,1,1,0,-1,1,1,0,-1,1,1,1,1,0,1,0,0,1,1,1,1,0,0,1,1,1,1,-1,1,0,0,1,1,1,0,0,0,1,0,0,0,1,1,1,1,1,1,0,1,1,1,1,1,1,1,0,1,0,0,1,1,0,0,0,1,1,1,1,0
"136",0,0,1,0,1,0,1,1,1,0,1,1,1,0,1,-1,1,-1,1,-1,-1,1,0,1,1,0,0,0,1,0,1,1,1,1,0,0,0,0,0,1,-1,1,0,1,1,0,1,0,1,1,0,1,0,0,0,1,1,-1,1,1,1,1,1,1,1,1,0,1,0,-1,1,0,0,1,0,0,1,0,1,1,1
"137",0,0,0,1,0,0,1,-1,0,-1,1,1,1,1,1,0,-1,1,0,0,1,1,0,1,1,0,1,0,0,1,1,1,1,0,1,1,1,1,1,1,0,1,1,0,1,-1,1,1,0,1,0,1,0,0,-1,1,0,0,0,0,0,1,1,1,1,1,1,1,1,0,1,0,0,0,1,1,-1,0,-1,1,1
"138",0,0,0,1,1,0,1,0,1,-1,1,1,0,1,1,-1,1,-1,-1,1,1,1,1,1,1,1,1,-1,1,1,1,1,1,-1,0,-1,-1,-1,0,0,1,1,0,1,-1,0,1,0,0,0,1,0,0,0,1,1,-1,-1,-1,-1,-1,0,1,1,0,0,0,0,0,1,0,0,-1,1,0,0,0,0,1,1,1
"139",0,0,0,1,0,-1,1,0,1,0,0,1,0,1,1,-1,0,0,0,-1,1,1,1,1,0,1,-1,1,1,-1,1,1,0,0,1,0,0,1,1,1,1,1,1,1,1,1,1,0,0,0,1,0,1,0,1,0,0,0,0,1,1,1,1,1,0,1,1,0,1,0,1,1,1,1,1,1,0,0,1,1,1
"140",1,1,1,0,0,0,0,-1,0,0,0,0,1,1,0,0,0,0,1,0,1,1,1,1,1,1,1,0,0,1,0,1,1,1,1,1,1,1,1,-1,0,1,0,1,0,1,0,0,1,1,0,0,-1,1,1,0,1,1,1,-1,0,1,1,1,0,0,0,0,0,0,1,-1,0,1,0,0,0,1,1,1,0
"141",1,1,1,1,0,-1,1,1,1,0,1,0,0,1,0,1,0,0,1,1,1,1,1,0,1,0,1,1,-1,1,1,1,0,1,1,0,0,0,1,1,0,0,1,1,0,1,1,0,-1,1,0,1,0,0,1,0,1,0,1,-1,-1,1,1,1,0,0,0,0,0,1,0,1,1,1,1,1,1,1,0,1,0
"142",1,1,0,0,0,-1,1,0,1,1,0,1,1,1,0,0,1,-1,0,0,1,1,1,1,1,1,1,0,1,0,1,0,1,1,1,0,0,0,1,1,1,1,0,1,1,-1,1,0,0,1,1,1,0,1,1,1,-1,-1,-1,1,1,1,1,-1,1,1,-1,1,0,1,0,1,1,-1,1,1,0,0,1,1,0
"143",1,0,0,1,0,1,1,0,1,0,1,1,0,1,1,0,-1,1,1,0,1,1,1,1,1,-1,1,-1,1,1,0,1,0,1,-1,0,0,1,1,1,0,1,1,1,0,1,1,0,0,0,0,1,-1,1,1,0,1,0,1,0,0,0,0,1,-1,-1,-1,-1,-1,0,1,1,1,-1,1,1,-1,1,1,1,1
"144",0,-1,1,1,0,0,1,0,0,-1,1,1,1,1,1,0,0,0,1,-1,1,1,1,0,0,0,1,1,-1,1,0,1,0,1,0,0,0,1,0,1,0,0,0,1,0,0,1,0,0,0,0,0,-1,1,1,0,0,0,0,0,1,1,1,0,1,1,1,1,1,0,0,0,1,0,-1,-1,1,0,1,0,1
"145",1,0,1,1,-1,1,1,0,1,1,1,1,1,0,1,1,0,0,1,0,1,1,1,1,0,-1,1,1,-1,1,0,1,1,1,0,0,0,1,1,0,1,0,1,1,1,0,1,0,-1,0,1,0,1,-1,0,1,0,-1,0,0,0,0,1,1,1,1,1,1,1,0,1,0,1,1,0,0,0,1,0,1,1
"146",0,0,1,1,1,0,1,1,0,-1,1,1,-1,1,0,1,0,0,0,1,0,1,1,1,1,0,0,1,0,0,1,1,1,-1,0,0,0,1,1,1,0,1,1,1,1,0,1,0,0,0,1,0,0,-1,1,1,-1,1,-1,0,1,1,1,1,-1,-1,-1,-1,-1,1,1,1,0,0,0,0,0,0,1,1,0
"147",-1,-1,1,1,-1,-1,1,0,1,1,1,1,1,1,1,0,1,-1,1,0,0,1,1,1,1,0,1,1,-1,1,1,1,0,1,0,0,0,1,1,1,-1,1,1,1,1,0,1,1,0,1,0,0,0,-1,1,0,-1,-1,-1,0,1,0,0,1,0,0,0,0,-1,-1,1,0,1,1,0,0,-1,1,1,0,1
"148",0,0,1,1,0,1,1,-1,0,0,1,1,0,1,0,1,-1,1,1,0,-1,1,0,0,0,0,1,0,0,1,1,1,1,1,1,1,1,1,1,1,0,1,0,1,1,0,1,0,1,0,1,1,0,0,1,1,-1,0,-1,0,1,0,0,1,0,0,-1,0,-1,0,1,0,1,1,0,0,1,1,1,1,0
"149",0,0,0,0,1,1,1,0,1,0,0,1,0,1,1,-1,-1,1,0,1,0,1,1,0,1,0,1,1,-1,1,1,0,1,1,1,-1,-1,0,0,0,-1,1,1,1,1,0,1,-1,0,-1,-1,1,-1,1,1,1,1,-1,0,0,0,1,1,0,0,0,0,0,0,0,1,1,1,1,0,0,-1,1,1,1,0
"150",0,1,1,1,1,1,1,-1,0,0,1,1,1,1,0,1,0,0,0,0,1,1,1,1,0,0,-1,1,1,-1,0,0,1,1,1,0,0,0,1,1,1,1,1,1,1,-1,1,1,-1,1,0,0,0,0,0,1,-1,-1,-1,0,1,1,1,0,1,1,1,1,1,1,0,1,1,1,-1,-1,-1,0,1,1,0
"151",0,0,0,1,0,-1,1,0,1,0,1,1,0,1,1,1,-1,1,1,0,1,1,1,0,1,1,1,1,-1,1,0,1,1,0,0,1,1,1,1,1,0,1,0,1,1,0,1,0,1,0,-1,1,1,-1,1,-1,0,0,0,0,0,1,1,1,1,1,1,1,1,0,0,1,1,0,1,1,0,1,1,1,1
"152",0,0,1,1,-1,-1,1,0,1,0,1,1,1,0,1,-1,1,1,1,1,1,1,1,1,1,1,1,-1,1,1,1,1,0,-1,0,0,-1,1,0,1,-1,0,1,1,1,1,1,0,1,1,0,1,0,0,1,1,1,1,-1,-1,1,1,1,1,1,1,-1,1,-1,1,1,0,1,0,1,1,1,0,1,1,0
"153",-1,-1,1,1,0,1,1,1,1,-1,0,1,-1,1,0,1,-1,1,1,1,1,1,1,1,1,0,1,0,0,1,1,1,0,1,0,0,0,0,1,1,1,1,1,1,1,0,1,1,0,0,1,1,0,1,0,1,0,0,0,0,1,1,1,0,1,1,1,0,1,1,1,0,1,1,1,1,-1,1,1,1,0
"154",0,0,1,1,0,1,1,1,1,1,0,1,-1,1,1,0,0,0,0,0,1,1,1,1,1,-1,1,1,-1,1,1,1,1,0,0,0,0,1,1,0,0,1,-1,0,1,0,1,1,0,1,1,1,0,0,1,1,-1,1,-1,-1,0,1,1,1,0,0,-1,0,-1,1,1,0,0,0,1,1,0,0,1,1,0
"155",0,0,0,1,1,0,1,0,1,0,0,1,0,1,1,0,1,-1,1,-1,1,1,1,1,0,1,1,0,0,1,1,1,1,1,0,1,1,1,0,1,1,1,0,1,1,0,1,0,0,0,1,-1,1,1,0,1,1,0,1,0,0,1,1,1,1,1,1,1,1,-1,1,0,1,0,1,1,0,-1,1,0,1
"156",0,0,1,1,-1,-1,0,0,1,1,1,1,0,1,0,1,1,-1,0,0,1,1,0,1,1,1,1,0,1,0,1,-1,1,1,1,1,0,1,0,1,1,0,0,1,1,1,1,0,0,1,1,0,1,-1,1,0,0,-1,-1,0,1,1,1,1,1,1,0,1,-1,1,1,1,1,0,1,1,1,0,0,0,1
"157",1,1,1,0,-1,0,1,-1,1,0,0,1,1,0,1,0,0,0,1,0,-1,1,1,0,1,0,1,-1,1,1,1,0,1,-1,1,1,0,1,1,0,0,1,0,1,1,0,1,-1,1,1,1,0,1,-1,1,1,1,1,-1,-1,1,1,1,1,0,0,0,0,-1,1,0,1,1,0,0,0,1,1,0,1,1
"158",1,0,1,0,0,0,1,0,1,0,-1,1,1,0,0,1,0,0,1,1,0,1,1,1,1,1,1,0,0,1,0,1,1,0,0,0,0,0,1,1,1,0,1,1,1,0,1,0,0,1,1,1,1,0,1,1,0,0,-1,0,1,1,1,1,1,1,0,0,0,0,1,0,0,-1,0,0,1,1,0,1,-1
"159",0,1,1,1,1,0,1,0,1,1,1,1,0,0,1,-1,-1,1,1,0,1,1,1,1,1,1,1,-1,1,1,1,0,1,-1,-1,0,-1,1,1,1,0,0,1,1,1,-1,1,0,1,1,0,1,-1,1,0,1,0,0,-1,1,1,0,0,1,1,1,0,1,0,-1,1,0,1,0,0,0,1,1,1,0,0
"160",1,1,1,1,1,-1,1,0,1,1,1,0,0,0,1,1,0,0,-1,0,0,1,0,0,1,0,0,-1,1,1,1,1,0,1,0,1,0,1,1,0,0,1,0,1,1,0,1,0,1,0,1,0,-1,1,1,0,0,0,0,1,1,0,1,1,1,1,1,0,1,1,0,1,1,0,-1,-1,-1,0,1,0,1
"161",0,0,0,1,1,1,1,0,1,0,1,1,0,1,1,1,-1,1,0,0,0,1,1,1,0,1,1,1,-1,1,0,0,1,1,-1,0,0,1,1,1,0,-1,1,1,1,1,1,-1,1,1,1,-1,0,0,0,1,1,-1,1,0,1,1,1,1,1,1,1,1,1,1,0,0,1,0,1,1,0,1,0,1,1
"162",0,0,1,1,1,1,1,-1,1,0,1,1,0,1,1,-1,0,0,0,1,0,1,1,1,1,0,0,0,1,0,0,1,1,-1,1,-1,-1,-1,1,-1,1,0,1,0,1,1,1,-1,0,-1,0,1,1,0,-1,1,1,1,1,0,0,1,1,1,1,1,1,0,1,0,1,1,1,1,0,0,0,0,1,1,1
"163",1,1,0,1,1,0,1,0,1,0,1,1,-1,1,0,0,0,0,0,0,0,1,-1,1,1,0,0,1,0,0,0,1,1,1,1,0,0,1,1,0,1,0,1,1,0,0,0,1,1,0,1,0,1,-1,1,0,0,0,0,1,1,0,0,1,0,1,1,0,1,0,1,0,1,0,0,0,0,0,0,1,-1
"164",1,-1,-1,1,0,1,1,1,1,0,1,1,1,1,0,1,-1,1,0,0,-1,0,1,1,1,1,0,1,0,0,-1,1,1,1,-1,0,0,1,1,1,0,1,0,0,1,-1,1,0,-1,0,1,0,1,-1,1,1,-1,0,-1,1,1,1,1,1,0,0,0,0,0,1,0,-1,1,0,0,0,1,1,1,1,0
"165",0,0,0,0,0,0,1,-1,1,1,1,0,-1,1,0,1,0,0,1,1,1,1,1,1,1,0,1,0,0,1,0,1,1,0,0,1,1,1,1,1,0,1,0,1,1,1,1,0,1,1,-1,1,1,-1,1,0,0,-1,0,0,1,1,1,0,1,1,0,1,0,1,1,0,0,1,1,1,0,1,1,1,1
"166",0,1,-1,1,0,0,1,0,1,0,1,0,1,1,1,0,0,0,0,0,0,1,1,-1,0,1,1,1,-1,1,-1,1,1,1,0,0,0,1,1,1,0,1,1,1,1,0,0,1,0,1,1,0,-1,1,0,1,1,1,1,0,1,1,1,0,1,1,0,1,0,-1,1,-1,1,1,0,0,1,1,1,1,0
"167",1,1,-1,1,-1,0,1,0,1,0,0,1,0,-1,0,1,0,0,1,1,0,1,1,-1,1,1,1,-1,1,1,1,1,1,-1,0,1,0,1,1,1,1,1,0,1,1,1,1,1,0,1,1,1,1,-1,1,1,1,0,0,0,1,1,1,0,1,1,-1,1,-1,1,0,0,1,1,1,1,1,1,1,1,-1
"168",1,1,1,1,1,0,0,-1,-1,1,-1,0,-1,1,1,1,-1,1,0,0,1,1,0,1,0,1,1,0,0,1,0,1,0,1,0,1,1,1,1,0,0,1,1,1,-1,0,0,1,1,0,1,0,-1,1,0,1,0,0,0,-1,0,1,1,1,1,1,0,0,0,1,1,0,1,1,1,1,1,1,0,0,1
"169",1,1,1,1,-1,-1,1,0,0,0,1,1,1,0,0,0,1,-1,1,1,1,1,1,0,1,1,1,-1,1,1,1,-1,1,-1,0,0,0,0,0,1,1,1,1,1,1,0,1,0,1,1,0,0,1,-1,1,1,0,0,-1,1,1,1,1,1,1,1,0,-1,1,1,1,1,1,-1,0,0,1,1,0,1,1
"170",0,0,1,1,0,-1,1,1,0,0,0,0,0,1,1,-1,-1,1,0,0,0,1,1,0,1,1,1,1,-1,1,1,1,1,1,0,1,1,1,0,0,-1,1,0,1,1,0,0,1,0,0,1,1,0,0,0,-1,1,1,1,1,1,1,1,1,0,1,1,0,1,0,0,-1,1,1,1,1,-1,0,1,1,0
"171",1,1,1,0,0,0,1,1,-1,-1,1,0,0,1,1,0,-1,1,1,1,1,1,1,1,1,0,0,1,0,0,1,1,1,1,0,1,1,1,1,0,1,1,1,1,1,0,1,1,0,1,-1,1,1,0,1,0,0,0,0,-1,0,0,0,1,1,1,0,1,0,0,0,-1,1,0,0,0,1,1,1,1,1
"172",0,-1,1,1,1,0,1,0,1,1,0,1,0,1,0,0,0,0,0,0,1,1,0,1,1,-1,0,1,0,1,1,1,1,0,1,1,1,1,1,-1,-1,1,0,1,1,1,1,1,1,0,0,1,0,0,1,-1,0,0,0,0,0,0,0,1,0,0,0,0,0,0,0,0,1,1,0,0,0,1,1,1,1
"173",-1,0,1,1,1,0,1,1,1,1,0,0,0,0,0,0,-1,1,0,1,0,1,1,1,1,1,1,1,-1,1,1,1,0,0,1,0,0,0,1,1,0,0,1,1,1,1,1,1,1,0,0,0,0,0,0,0,0,0,0,1,1,1,1,0,1,1,1,1,-1,1,1,1,0,1,1,1,1,1,0,0,-1
"174",0,-1,0,0,1,0,1,0,1,-1,0,0,-1,1,1,0,-1,1,0,1,1,1,1,1,0,0,1,0,0,1,1,1,1,1,1,-1,-1,0,1,0,-1,1,1,1,1,-1,1,1,1,0,1,0,0,1,1,0,0,0,0,0,1,0,0,0,1,1,1,1,1,0,1,1,1,1,0,0,1,1,0,0,1
"175",-1,-1,0,1,0,1,1,1,-1,0,1,-1,1,1,1,-1,-1,1,1,0,1,1,1,1,1,1,1,-1,1,1,1,1,1,1,0,0,0,1,1,0,0,1,1,1,1,1,1,1,1,1,-1,1,-1,1,1,0,1,0,1,0,1,1,1,1,-1,0,0,-1,0,-1,1,0,1,1,0,0,1,1,1,1,1
"176",-1,-1,1,1,1,0,0,1,1,0,1,1,1,1,0,1,0,0,1,-1,0,1,1,1,0,-1,1,-1,1,1,1,1,0,0,1,1,1,1,0,1,0,1,1,0,1,1,1,0,0,0,1,0,1,0,0,1,-1,-1,-1,0,1,-1,-1,1,1,1,1,1,0,1,0,0,1,1,1,1,0,0,0,0,0
"177",1,0,1,1,1,1,1,0,1,0,1,1,-1,1,1,-1,1,-1,0,1,0,1,1,1,1,0,1,1,-1,1,0,1,0,1,1,-1,-1,1,1,1,1,1,1,0,1,-1,1,1,1,0,0,1,1,1,1,-1,0,0,0,1,1,1,1,-1,0,0,0,0,0,0,1,0,1,0,1,1,1,0,1,1,1
"178",0,0,0,1,0,0,1,0,1,0,1,0,1,0,0,1,-1,1,0,0,1,1,1,0,1,0,1,0,0,1,1,1,1,1,-1,0,0,1,1,1,1,1,1,0,1,0,1,0,1,-1,0,0,0,0,0,1,0,1,0,1,1,1,1,1,1,1,1,1,0,1,1,0,1,0,0,0,1,1,-1,0,0
"179",0,0,1,1,1,-1,1,1,1,0,1,1,-1,1,1,1,-1,1,1,-1,1,1,1,1,0,-1,0,1,0,0,0,1,1,0,0,-1,-1,0,1,1,1,-1,1,1,1,0,1,0,-1,1,0,0,-1,1,1,0,0,-1,0,0,1,1,1,0,0,1,1,0,0,0,1,0,0,0,0,0,0,1,1,1,1
"180",1,0,1,1,0,0,1,1,0,0,1,1,0,1,1,0,1,-1,0,1,0,1,1,1,1,0,0,1,0,0,-1,1,1,-1,1,-1,-1,1,1,0,0,1,1,1,1,0,1,0,1,-1,0,1,0,0,1,1,0,0,0,1,1,1,1,1,0,0,0,-1,-1,1,1,0,0,0,0,0,0,-1,0,1,1
"181",1,1,-1,0,-1,0,1,-1,0,1,0,1,1,1,0,0,1,-1,0,0,0,1,1,1,1,0,0,1,0,0,0,1,1,0,1,-1,-1,0,1,1,0,1,1,1,1,-1,1,1,1,1,1,1,0,0,1,0,0,-1,0,0,1,0,1,0,1,1,1,0,1,-1,1,0,1,1,0,0,-1,-1,0,1,1
"182",0,0,0,1,0,1,1,0,0,0,1,1,0,1,1,-1,-1,1,1,0,1,1,1,1,1,1,1,1,-1,1,0,1,1,0,1,1,1,1,1,0,-1,1,0,1,1,0,1,0,-1,0,1,-1,0,0,0,1,1,0,1,0,1,-1,-1,1,0,1,1,-1,1,1,1,1,1,0,1,1,0,1,1,0,0
"183",1,1,0,1,1,1,1,0,0,0,0,1,1,1,0,1,-1,1,1,1,0,1,1,1,1,1,0,1,0,0,1,1,1,0,1,0,0,1,1,1,0,1,0,1,1,1,1,0,1,0,1,1,0,1,1,1,0,1,0,1,1,0,0,0,0,0,0,0,0,1,1,0,1,1,0,0,1,1,1,1,1
"184",1,0,0,-1,1,0,1,-1,1,0,1,1,0,0,0,0,0,0,1,-1,0,1,1,1,1,1,1,0,0,1,1,1,0,1,1,0,0,1,1,1,0,1,1,1,0,0,1,1,0,0,0,1,0,0,1,1,0,0,0,0,0,0,1,1,0,0,0,0,0,1,1,1,1,-1,-1,-1,0,0,1,1,1
"185",1,0,0,1,1,1,1,0,1,0,1,1,1,1,1,-1,1,-1,0,1,-1,1,0,1,1,0,1,0,0,1,1,0,1,0,0,0,0,0,1,1,-1,1,1,0,0,0,1,1,0,0,1,1,0,0,1,-1,1,0,1,0,1,0,1,1,1,1,0,1,0,1,1,0,1,-1,1,1,1,1,1,1,1
"186",0,0,0,0,-1,0,1,1,1,0,0,1,1,0,1,0,1,-1,-1,0,-1,1,1,0,1,-1,1,0,0,1,1,1,1,0,1,1,1,1,1,0,0,0,-1,0,1,0,1,1,1,1,0,0,0,0,1,0,0,0,0,-1,0,0,1,1,1,1,1,1,0,0,1,0,0,0,0,0,1,1,0,1,0
"187",-1,0,0,-1,0,0,1,1,1,0,1,1,0,0,-1,1,0,1,0,0,0,1,1,1,1,0,0,1,0,0,1,1,0,0,0,0,0,0,0,1,0,1,0,1,1,0,1,0,1,1,0,0,1,-1,1,0,0,0,0,-1,0,0,0,1,1,1,0,1,-1,-1,1,1,0,0,-1,-1,1,1,0,0,1
"188",0,-1,0,1,0,1,1,1,1,-1,1,1,1,1,1,0,0,0,1,0,1,1,0,1,0,0,-1,0,1,-1,1,0,1,1,0,0,0,1,1,0,0,1,-1,1,1,-1,-1,1,0,1,0,0,0,0,1,0,0,1,0,0,1,0,0,1,1,1,-1,1,-1,0,1,0,1,0,0,0,0,0,1,0,0
"189",0,0,1,1,1,-1,1,1,-1,-1,0,0,1,1,1,0,1,-1,1,1,0,1,1,1,0,1,1,1,-1,1,1,1,1,1,0,1,1,1,1,0,0,0,1,1,1,0,1,0,0,0,-1,1,0,0,1,-1,0,1,0,1,1,1,1,0,0,1,1,0,1,0,0,-1,1,1,0,0,-1,-1,1,1,1
"190",1,1,-1,0,1,1,1,1,0,0,-1,1,1,1,1,0,0,0,0,-1,1,1,1,1,1,1,0,1,0,0,1,1,1,1,1,1,1,1,1,0,0,0,-1,1,1,1,1,0,1,1,0,0,-1,1,1,1,1,0,1,-1,1,0,1,1,1,1,0,0,0,1,1,1,1,0,1,1,1,0,1,1,1
"191",0,1,-1,1,0,-1,1,0,0,0,1,1,0,1,1,-1,0,0,0,0,0,1,-1,1,0,-1,1,1,-1,1,1,1,0,0,1,0,0,0,1,-1,1,1,0,1,1,1,1,1,1,0,0,1,0,0,0,1,0,1,0,0,0,1,1,0,0,1,1,0,1,0,1,0,1,1,1,1,0,0,1,1,0
"192",0,0,0,-1,1,0,0,0,-1,-1,0,0,-1,1,0,1,0,0,0,0,-1,1,0,-1,1,0,1,0,0,1,1,1,0,1,-1,0,0,1,1,0,0,1,1,1,1,0,0,0,0,1,1,0,0,0,1,0,-1,-1,-1,0,1,1,1,1,1,1,1,1,0,1,1,1,1,1,0,0,1,0,1,1,1
"193",0,0,0,1,1,-1,1,0,0,1,0,0,-1,1,0,1,0,0,1,0,-1,1,1,1,0,1,0,1,0,0,0,1,1,0,-1,0,0,0,1,0,1,1,0,1,1,1,1,1,0,1,1,1,1,0,1,-1,0,-1,0,-1,0,1,1,1,0,0,0,0,0,0,0,0,0,-1,1,1,-1,0,0,1,1
"194",0,0,1,0,1,0,1,-1,1,0,1,1,0,1,0,0,0,0,1,0,0,1,0,1,1,0,1,0,0,1,0,0,1,1,-1,0,0,1,1,0,0,0,-1,1,1,1,0,0,1,1,1,1,-1,1,1,-1,0,-1,0,1,1,0,0,1,1,1,1,1,1,0,0,-1,0,1,0,0,1,0,1,1,1
"195",-1,-1,0,1,-1,0,1,0,0,0,1,1,0,1,1,1,-1,1,0,1,-1,1,1,1,1,0,1,1,-1,1,0,1,1,1,0,0,0,1,1,1,0,1,1,1,1,1,1,0,1,0,0,0,0,0,1,0,0,0,0,1,1,1,1,1,1,1,1,1,1,0,1,1,0,1,0,0,0,1,1,1,1
"196",-1,-1,1,1,-1,-1,0,0,0,0,1,1,0,0,1,-1,0,0,1,0,-1,1,1,1,0,0,1,0,0,1,1,1,1,0,0,0,0,1,1,1,-1,1,1,1,1,0,0,-1,1,1,-1,1,1,0,1,0,1,0,1,1,1,1,1,1,0,0,0,0,0,-1,1,0,1,1,0,0,1,0,1,1,0
"197",-1,0,1,0,-1,1,1,-1,0,0,0,0,-1,1,1,1,0,0,1,1,0,1,1,1,1,0,-1,1,1,-1,-1,1,1,1,-1,1,1,1,1,-1,1,0,0,1,1,0,0,-1,0,1,0,0,0,0,0,0,1,-1,1,-1,0,1,1,0,0,0,0,0,0,1,0,0,1,0,0,0,1,1,0,1,1
"198",1,1,1,1,1,1,1,0,0,0,1,0,1,1,1,0,0,0,1,0,0,1,1,-1,1,1,1,0,0,1,0,1,1,0,-1,1,1,1,1,0,0,1,1,1,1,0,1,0,1,0,0,1,0,0,1,1,0,0,0,1,1,1,1,0,0,0,-1,0,-1,-1,1,1,0,1,-1,-1,1,0,1,1,0
"199",0,0,0,1,1,0,1,0,1,1,0,1,0,1,0,1,1,-1,1,0,0,1,1,1,1,0,1,1,-1,1,1,1,0,0,1,1,1,1,1,1,0,1,1,1,1,0,0,0,1,0,1,0,0,0,1,-1,0,0,0,1,1,1,1,1,1,1,-1,1,-1,1,1,0,1,0,-1,-1,0,0,1,1,0
"200",-1,-1,0,0,0,-1,1,1,-1,-1,1,1,0,1,0,0,0,0,0,0,0,1,1,1,1,0,1,0,0,1,1,0,1,0,0,-1,-1,0,1,1,1,1,1,0,1,1,1,1,0,0,1,1,1,0,1,1,0,0,-1,1,1,1,1,1,0,0,-1,0,-1,1,0,0,0,1,0,0,1,0,1,1,0
"201",-1,-1,0,-1,0,1,1,0,-1,1,0,0,0,1,1,1,0,0,-1,0,1,1,1,1,0,1,1,1,-1,1,1,1,1,0,0,1,1,1,0,1,0,1,0,1,0,-1,1,0,0,1,0,1,0,0,0,0,1,-1,1,1,1,1,0,1,1,1,1,1,0,0,1,0,1,0,0,0,1,0,1,1,1
"202",-1,-1,-1,1,0,-1,1,0,0,-1,1,1,1,1,1,0,0,0,0,0,1,1,1,1,1,1,0,1,0,0,0,1,0,0,0,1,1,1,1,0,0,0,1,1,1,-1,1,1,1,1,0,1,1,-1,1,-1,1,0,1,0,0,1,1,1,0,0,0,0,0,-1,1,1,1,0,1,1,1,1,1,1,1
"203",1,1,0,0,1,1,1,0,1,0,1,-1,0,0,1,1,1,-1,-1,0,1,0,1,1,1,1,1,-1,1,1,1,0,0,1,-1,0,-1,0,1,1,0,0,1,1,1,-1,1,0,1,-1,0,1,1,-1,1,-1,-1,-1,-1,0,1,0,1,1,1,1,1,0,1,0,1,0,1,1,-1,-1,-1,1,0,1,0
"204",1,1,1,1,0,1,1,0,0,1,1,0,1,0,0,1,0,0,1,1,0,1,0,0,1,1,1,1,-1,1,1,1,0,1,0,1,1,1,1,0,0,1,1,1,0,0,0,0,0,0,-1,1,0,0,1,0,1,1,1,-1,0,0,0,1,1,1,-1,1,-1,-1,1,0,1,1,0,0,0,1,0,1,1
"205",0,1,1,0,1,0,1,1,1,0,0,0,1,0,1,1,-1,1,0,0,1,1,1,1,1,-1,0,1,0,0,0,1,1,0,0,0,0,1,0,1,0,1,1,1,1,-1,1,0,0,0,0,1,1,-1,0,1,1,0,1,0,1,0,1,1,0,0,0,0,0,1,0,1,0,0,1,1,1,1,1,1,0
"206",0,0,0,1,1,0,1,-1,1,1,1,0,-1,0,1,0,0,0,1,0,0,1,1,1,1,1,0,0,1,0,1,1,1,1,-1,0,0,1,1,0,-1,0,-1,1,0,1,1,1,0,0,0,1,-1,1,1,0,0,0,0,1,1,1,1,0,1,1,1,0,1,1,1,0,1,0,0,0,0,1,1,1,1
"207",0,0,0,0,0,-1,1,1,-1,1,0,1,-1,0,1,0,-1,1,0,1,0,1,1,0,0,0,1,0,0,1,1,1,1,0,0,0,0,1,1,0,0,1,0,1,0,1,1,0,1,1,1,-1,0,0,1,-1,0,-1,0,0,1,1,1,1,0,0,0,-1,-1,-1,1,1,0,0,-1,-1,0,1,0,0,1
"208",0,0,1,1,-1,1,1,-1,0,-1,1,1,0,0,1,0,1,-1,1,0,1,1,1,1,0,0,1,0,0,1,1,1,1,0,-1,0,0,1,1,-1,0,1,1,1,0,0,1,1,0,1,0,0,0,1,1,0,0,-1,0,1,1,1,1,1,1,1,1,1,1,1,0,0,1,0,1,1,1,-1,1,0,1
"209",1,1,1,1,0,1,1,0,1,1,0,1,0,0,0,1,0,0,1,0,0,1,-1,1,1,-1,1,1,-1,1,1,1,1,1,1,1,1,1,1,0,-1,0,1,1,1,0,1,0,-1,1,0,1,0,0,0,1,-1,1,-1,1,1,-1,-1,1,0,0,0,0,0,1,1,1,1,1,0,0,1,0,1,1,1
"210",0,-1,1,1,0,-1,0,0,0,0,0,1,0,1,0,0,0,0,1,0,1,1,1,0,1,0,1,0,0,1,0,1,1,0,0,1,1,1,1,1,0,1,1,1,1,1,1,0,-1,1,0,1,0,0,1,1,0,1,0,-1,0,1,1,1,0,0,0,0,0,-1,1,0,1,1,0,0,0,1,-1,1,1
